familyid,memberid,status,error
31424072,147032100,Failed,"HTTPConnectionPool(host='localhost', port=63117): Read timed out. (read timeout=120)"
31427099,147047625,Failed,"HTTPConnectionPool(host='localhost', port=63993): Read timed out. (read timeout=120)"
31427121,147045243,Failed,"HTTPConnectionPool(host='localhost', port=63993): Read timed out. (read timeout=120)"
31535518,147503888,Failed,"Message: 
Stacktrace:
	GetHandleVerifier [0x0x7ff69107cda5+78885]
	GetHandleVerifier [0x0x7ff69107ce00+78976]
	(No symbol) [0x0x7ff690e39bca]
	(No symbol) [0x0x7ff690e90766]
	(No symbol) [0x0x7ff690e90a1c]
	(No symbol) [0x0x7ff690ee4467]
	(No symbol) [0x0x7ff690eb8bcf]
	(No symbol) [0x0x7ff690ee122f]
	(No symbol) [0x0x7ff690eb8963]
	(No symbol) [0x0x7ff690e816b1]
	(No symbol) [0x0x7ff690e82443]
	GetHandleVerifier [0x0x7ff691354eed+3061101]
	GetHandleVerifier [0x0x7ff69134f33d+3037629]
	GetHandleVerifier [0x0x7ff69136e592+3165202]
	GetHandleVerifier [0x0x7ff69109730e+186766]
	GetHandleVerifier [0x0x7ff69109eb3f+217535]
	GetHandleVerifier [0x0x7ff6910859b4+114740]
	GetHandleVerifier [0x0x7ff691085b69+115177]
	GetHandleVerifier [0x0x7ff69106c368+10728]
	BaseThreadInitThunk [0x0x7ffabb64e8d7+23]
	RtlUserThreadStart [0x0x7ffabd15c34c+44]
"
31559176,147604011,Failed,"Message: 
Stacktrace:
	GetHandleVerifier [0x0x7ff69107cda5+78885]
	GetHandleVerifier [0x0x7ff69107ce00+78976]
	(No symbol) [0x0x7ff690e39bca]
	(No symbol) [0x0x7ff690e90766]
	(No symbol) [0x0x7ff690e90a1c]
	(No symbol) [0x0x7ff690ee4467]
	(No symbol) [0x0x7ff690eb8bcf]
	(No symbol) [0x0x7ff690ee122f]
	(No symbol) [0x0x7ff690eb8963]
	(No symbol) [0x0x7ff690e816b1]
	(No symbol) [0x0x7ff690e82443]
	GetHandleVerifier [0x0x7ff691354eed+3061101]
	GetHandleVerifier [0x0x7ff69134f33d+3037629]
	GetHandleVerifier [0x0x7ff69136e592+3165202]
	GetHandleVerifier [0x0x7ff69109730e+186766]
	GetHandleVerifier [0x0x7ff69109eb3f+217535]
	GetHandleVerifier [0x0x7ff6910859b4+114740]
	GetHandleVerifier [0x0x7ff691085b69+115177]
	GetHandleVerifier [0x0x7ff69106c368+10728]
	BaseThreadInitThunk [0x0x7ffabb64e8d7+23]
	RtlUserThreadStart [0x0x7ffabd15c34c+44]
"
31605126,147801113,Failed,"Message: 
Stacktrace:
	GetHandleVerifier [0x0x7ff69107cda5+78885]
	GetHandleVerifier [0x0x7ff69107ce00+78976]
	(No symbol) [0x0x7ff690e39bca]
	(No symbol) [0x0x7ff690e90766]
	(No symbol) [0x0x7ff690e90a1c]
	(No symbol) [0x0x7ff690ee4467]
	(No symbol) [0x0x7ff690eb8bcf]
	(No symbol) [0x0x7ff690ee122f]
	(No symbol) [0x0x7ff690eb8963]
	(No symbol) [0x0x7ff690e816b1]
	(No symbol) [0x0x7ff690e82443]
	GetHandleVerifier [0x0x7ff691354eed+3061101]
	GetHandleVerifier [0x0x7ff69134f33d+3037629]
	GetHandleVerifier [0x0x7ff69136e592+3165202]
	GetHandleVerifier [0x0x7ff69109730e+186766]
	GetHandleVerifier [0x0x7ff69109eb3f+217535]
	GetHandleVerifier [0x0x7ff6910859b4+114740]
	GetHandleVerifier [0x0x7ff691085b69+115177]
	GetHandleVerifier [0x0x7ff69106c368+10728]
	BaseThreadInitThunk [0x0x7ffabb64e8d7+23]
	RtlUserThreadStart [0x0x7ffabd15c34c+44]
"
31614100,147838119,Failed,"Message: 
Stacktrace:
	GetHandleVerifier [0x0x7ff69107cda5+78885]
	GetHandleVerifier [0x0x7ff69107ce00+78976]
	(No symbol) [0x0x7ff690e39bca]
	(No symbol) [0x0x7ff690e90766]
	(No symbol) [0x0x7ff690e90a1c]
	(No symbol) [0x0x7ff690ee4467]
	(No symbol) [0x0x7ff690eb8bcf]
	(No symbol) [0x0x7ff690ee122f]
	(No symbol) [0x0x7ff690eb8963]
	(No symbol) [0x0x7ff690e816b1]
	(No symbol) [0x0x7ff690e82443]
	GetHandleVerifier [0x0x7ff691354eed+3061101]
	GetHandleVerifier [0x0x7ff69134f33d+3037629]
	GetHandleVerifier [0x0x7ff69136e592+3165202]
	GetHandleVerifier [0x0x7ff69109730e+186766]
	GetHandleVerifier [0x0x7ff69109eb3f+217535]
	GetHandleVerifier [0x0x7ff6910859b4+114740]
	GetHandleVerifier [0x0x7ff691085b69+115177]
	GetHandleVerifier [0x0x7ff69106c368+10728]
	BaseThreadInitThunk [0x0x7ffabb64e8d7+23]
	RtlUserThreadStart [0x0x7ffabd15c34c+44]
"
31623692,147879079,Failed,"Message: 
Stacktrace:
	GetHandleVerifier [0x0x7ff69107cda5+78885]
	GetHandleVerifier [0x0x7ff69107ce00+78976]
	(No symbol) [0x0x7ff690e39bca]
	(No symbol) [0x0x7ff690e90766]
	(No symbol) [0x0x7ff690e90a1c]
	(No symbol) [0x0x7ff690ee4467]
	(No symbol) [0x0x7ff690eb8bcf]
	(No symbol) [0x0x7ff690ee122f]
	(No symbol) [0x0x7ff690eb8963]
	(No symbol) [0x0x7ff690e816b1]
	(No symbol) [0x0x7ff690e82443]
	GetHandleVerifier [0x0x7ff691354eed+3061101]
	GetHandleVerifier [0x0x7ff69134f33d+3037629]
	GetHandleVerifier [0x0x7ff69136e592+3165202]
	GetHandleVerifier [0x0x7ff69109730e+186766]
	GetHandleVerifier [0x0x7ff69109eb3f+217535]
	GetHandleVerifier [0x0x7ff6910859b4+114740]
	GetHandleVerifier [0x0x7ff691085b69+115177]
	GetHandleVerifier [0x0x7ff69106c368+10728]
	BaseThreadInitThunk [0x0x7ffabb64e8d7+23]
	RtlUserThreadStart [0x0x7ffabd15c34c+44]
"
31750973,148395565,Failed,"HTTPConnectionPool(host='localhost', port=59346): Read timed out. (read timeout=120)"
31750973,148396066,Failed,"HTTPConnectionPool(host='localhost', port=59346): Read timed out. (read timeout=120)"
31750973,148393713,Failed,"HTTPConnectionPool(host='localhost', port=59346): Read timed out. (read timeout=120)"
31750973,148392983,Failed,"HTTPConnectionPool(host='localhost', port=59346): Read timed out. (read timeout=120)"
31752004,148397264,Failed,"HTTPConnectionPool(host='localhost', port=59346): Read timed out. (read timeout=120)"
31752004,148398065,Failed,"HTTPConnectionPool(host='localhost', port=59346): Read timed out. (read timeout=120)"
31752225,148398505,Failed,"HTTPConnectionPool(host='localhost', port=59346): Read timed out. (read timeout=120)"
31752225,148399351,Failed,"HTTPConnectionPool(host='localhost', port=59346): Read timed out. (read timeout=120)"
31752225,148401145,Failed,"HTTPConnectionPool(host='localhost', port=59346): Read timed out. (read timeout=120)"
31752225,148400291,Failed,"HTTPConnectionPool(host='localhost', port=59346): Read timed out. (read timeout=120)"
31760508,148434257,Failed,"Message: 
Stacktrace:
	GetHandleVerifier [0x0x7ff69107cda5+78885]
	GetHandleVerifier [0x0x7ff69107ce00+78976]
	(No symbol) [0x0x7ff690e39bca]
	(No symbol) [0x0x7ff690e90766]
	(No symbol) [0x0x7ff690e90a1c]
	(No symbol) [0x0x7ff690ee4467]
	(No symbol) [0x0x7ff690eb8bcf]
	(No symbol) [0x0x7ff690ee122f]
	(No symbol) [0x0x7ff690eb8963]
	(No symbol) [0x0x7ff690e816b1]
	(No symbol) [0x0x7ff690e82443]
	GetHandleVerifier [0x0x7ff691354eed+3061101]
	GetHandleVerifier [0x0x7ff69134f33d+3037629]
	GetHandleVerifier [0x0x7ff69136e592+3165202]
	GetHandleVerifier [0x0x7ff69109730e+186766]
	GetHandleVerifier [0x0x7ff69109eb3f+217535]
	GetHandleVerifier [0x0x7ff6910859b4+114740]
	GetHandleVerifier [0x0x7ff691085b69+115177]
	GetHandleVerifier [0x0x7ff69106c368+10728]
	BaseThreadInitThunk [0x0x7ffabb64e8d7+23]
	RtlUserThreadStart [0x0x7ffabd15c34c+44]
"
31760988,148435568,Failed,"HTTPConnectionPool(host='localhost', port=59839): Read timed out. (read timeout=120)"
31763806,148448671,Failed,"Message: unknown error: net::ERR_NAME_NOT_RESOLVED
  (Session info: chrome=137.0.7151.120)
Stacktrace:
	GetHandleVerifier [0x0x7ff69107cda5+78885]
	GetHandleVerifier [0x0x7ff69107ce00+78976]
	(No symbol) [0x0x7ff690e39bca]
	(No symbol) [0x0x7ff690e365e2]
	(No symbol) [0x0x7ff690e27319]
	(No symbol) [0x0x7ff690e290c1]
	(No symbol) [0x0x7ff690e27636]
	(No symbol) [0x0x7ff690e27096]
	(No symbol) [0x0x7ff690e26d5a]
	(No symbol) [0x0x7ff690e2492f]
	(No symbol) [0x0x7ff690e251ac]
	(No symbol) [0x0x7ff690e3db7a]
	(No symbol) [0x0x7ff690ee201e]
	(No symbol) [0x0x7ff690eb8b8a]
	(No symbol) [0x0x7ff690ee122f]
	(No symbol) [0x0x7ff690eb8963]
	(No symbol) [0x0x7ff690e816b1]
	(No symbol) [0x0x7ff690e82443]
	GetHandleVerifier [0x0x7ff691354eed+3061101]
	GetHandleVerifier [0x0x7ff69134f33d+3037629]
	GetHandleVerifier [0x0x7ff69136e592+3165202]
	GetHandleVerifier [0x0x7ff69109730e+186766]
	GetHandleVerifier [0x0x7ff69109eb3f+217535]
	GetHandleVerifier [0x0x7ff6910859b4+114740]
	GetHandleVerifier [0x0x7ff691085b69+115177]
	GetHandleVerifier [0x0x7ff69106c368+10728]
	BaseThreadInitThunk [0x0x7ffabb64e8d7+23]
	RtlUserThreadStart [0x0x7ffabd15c34c+44]
"
31764032,148448202,Failed,"Message: 
Stacktrace:
	GetHandleVerifier [0x0x7ff69107cda5+78885]
	GetHandleVerifier [0x0x7ff69107ce00+78976]
	(No symbol) [0x0x7ff690e39bca]
	(No symbol) [0x0x7ff690e90766]
	(No symbol) [0x0x7ff690e90a1c]
	(No symbol) [0x0x7ff690ee4467]
	(No symbol) [0x0x7ff690eb8bcf]
	(No symbol) [0x0x7ff690ee122f]
	(No symbol) [0x0x7ff690eb8963]
	(No symbol) [0x0x7ff690e816b1]
	(No symbol) [0x0x7ff690e82443]
	GetHandleVerifier [0x0x7ff691354eed+3061101]
	GetHandleVerifier [0x0x7ff69134f33d+3037629]
	GetHandleVerifier [0x0x7ff69136e592+3165202]
	GetHandleVerifier [0x0x7ff69109730e+186766]
	GetHandleVerifier [0x0x7ff69109eb3f+217535]
	GetHandleVerifier [0x0x7ff6910859b4+114740]
	GetHandleVerifier [0x0x7ff691085b69+115177]
	GetHandleVerifier [0x0x7ff69106c368+10728]
	BaseThreadInitThunk [0x0x7ffabb64e8d7+23]
	RtlUserThreadStart [0x0x7ffabd15c34c+44]
"
31764032,148448738,Failed,"Message: unknown error: net::ERR_INTERNET_DISCONNECTED
  (Session info: chrome=137.0.7151.120)
Stacktrace:
	GetHandleVerifier [0x0x7ff69107cda5+78885]
	GetHandleVerifier [0x0x7ff69107ce00+78976]
	(No symbol) [0x0x7ff690e39bca]
	(No symbol) [0x0x7ff690e365e2]
	(No symbol) [0x0x7ff690e27319]
	(No symbol) [0x0x7ff690e290c1]
	(No symbol) [0x0x7ff690e27636]
	(No symbol) [0x0x7ff690e27096]
	(No symbol) [0x0x7ff690e26d5a]
	(No symbol) [0x0x7ff690e2492f]
	(No symbol) [0x0x7ff690e251ac]
	(No symbol) [0x0x7ff690e3db7a]
	(No symbol) [0x0x7ff690ee201e]
	(No symbol) [0x0x7ff690eb8b8a]
	(No symbol) [0x0x7ff690ee122f]
	(No symbol) [0x0x7ff690eb8963]
	(No symbol) [0x0x7ff690e816b1]
	(No symbol) [0x0x7ff690e82443]
	GetHandleVerifier [0x0x7ff691354eed+3061101]
	GetHandleVerifier [0x0x7ff69134f33d+3037629]
	GetHandleVerifier [0x0x7ff69136e592+3165202]
	GetHandleVerifier [0x0x7ff69109730e+186766]
	GetHandleVerifier [0x0x7ff69109eb3f+217535]
	GetHandleVerifier [0x0x7ff6910859b4+114740]
	GetHandleVerifier [0x0x7ff691085b69+115177]
	GetHandleVerifier [0x0x7ff69106c368+10728]
	BaseThreadInitThunk [0x0x7ffabb64e8d7+23]
	RtlUserThreadStart [0x0x7ffabd15c34c+44]
"
31764032,148449017,Failed,"Message: 
Stacktrace:
	GetHandleVerifier [0x0x7ff69107cda5+78885]
	GetHandleVerifier [0x0x7ff69107ce00+78976]
	(No symbol) [0x0x7ff690e39bca]
	(No symbol) [0x0x7ff690e90766]
	(No symbol) [0x0x7ff690e90a1c]
	(No symbol) [0x0x7ff690ee4467]
	(No symbol) [0x0x7ff690eb8bcf]
	(No symbol) [0x0x7ff690ee122f]
	(No symbol) [0x0x7ff690eb8963]
	(No symbol) [0x0x7ff690e816b1]
	(No symbol) [0x0x7ff690e82443]
	GetHandleVerifier [0x0x7ff691354eed+3061101]
	GetHandleVerifier [0x0x7ff69134f33d+3037629]
	GetHandleVerifier [0x0x7ff69136e592+3165202]
	GetHandleVerifier [0x0x7ff69109730e+186766]
	GetHandleVerifier [0x0x7ff69109eb3f+217535]
	GetHandleVerifier [0x0x7ff6910859b4+114740]
	GetHandleVerifier [0x0x7ff691085b69+115177]
	GetHandleVerifier [0x0x7ff69106c368+10728]
	BaseThreadInitThunk [0x0x7ffabb64e8d7+23]
	RtlUserThreadStart [0x0x7ffabd15c34c+44]
"
32609446,308239866,Failed,"Message: 
Stacktrace:
	GetHandleVerifier [0x0x7ff60075cda5+78885]
	GetHandleVerifier [0x0x7ff60075ce00+78976]
	(No symbol) [0x0x7ff600519bca]
	(No symbol) [0x0x7ff600570766]
	(No symbol) [0x0x7ff600570a1c]
	(No symbol) [0x0x7ff6005c4467]
	(No symbol) [0x0x7ff600598bcf]
	(No symbol) [0x0x7ff6005c122f]
	(No symbol) [0x0x7ff600598963]
	(No symbol) [0x0x7ff6005616b1]
	(No symbol) [0x0x7ff600562443]
	GetHandleVerifier [0x0x7ff600a34eed+3061101]
	GetHandleVerifier [0x0x7ff600a2f33d+3037629]
	GetHandleVerifier [0x0x7ff600a4e592+3165202]
	GetHandleVerifier [0x0x7ff60077730e+186766]
	GetHandleVerifier [0x0x7ff60077eb3f+217535]
	GetHandleVerifier [0x0x7ff6007659b4+114740]
	GetHandleVerifier [0x0x7ff600765b69+115177]
	GetHandleVerifier [0x0x7ff60074c368+10728]
	BaseThreadInitThunk [0x0x7ffc2acc257d+29]
	RtlUserThreadStart [0x0x7ffc2c72af08+40]
"
